{"cameraMode":{"drawMode":0,"name":"Shaded","section":"Shading Mode"},"sceneLighting":false,"audioPlay":false,"sceneViewState":{"showFog":true,"showMaterialUpdate":true,"showSkybox":false,"showFlares":true,"showImageEffects":true,"showParticleSystems":true},"in2DMode":false,"pivot":{"x":-0.13395345211029054,"y":0.9380440711975098,"z":-0.01024174690246582},"rotation":{"x":-0.02120913192629814,"y":0.9787356853485107,"z":-0.14973317086696626,"w":-0.13862214982509614},"size":2.825464963912964,"orthographic":false}