{"cameraMode":{"drawMode":0,"name":"Shaded","section":"Shading Mode"},"sceneLighting":false,"audioPlay":false,"sceneViewState":{"showFog":true,"showMaterialUpdate":true,"showSkybox":false,"showFlares":true,"showImageEffects":true,"showParticleSystems":true},"in2DMode":false,"pivot":{"x":0.5094946622848511,"y":1.003650426864624,"z":-0.11090505123138428},"rotation":{"x":0.0038199173286557199,"y":0.9835674166679382,"z":-0.1792936772108078,"w":0.020954545587301256},"size":1.9223122596740723,"orthographic":false}