{"cameraMode":{"drawMode":0,"name":"Shaded","section":"Shading Mode"},"sceneLighting":true,"audioPlay":false,"sceneViewState":{"showFog":true,"showMaterialUpdate":true,"showSkybox":true,"showFlares":true,"showImageEffects":true,"showParticleSystems":true},"in2DMode":false,"pivot":{"x":-0.30742859840393069,"y":-1.5707378387451172,"z":-1.5744619369506837},"rotation":{"x":0.003003282006829977,"y":0.8790955543518066,"z":-0.4766165614128113,"w":0.005539563484489918},"size":44.98894119262695,"orthographic":false}